First Name,Last Name,Club,Position,Base Salary,Total Compensation
Nick,DePuy,,F,"$68,254.20 ","$75,754.20 "
Chris,Konopka,,GK,"$67,500.00 ","$67,500.00 "
Muhamed,Keita,,F,"$324,999.96 ","$367,291.71 "
Jose,Leiton,,F-M,"$67,500.00 ","$83,000.00 "
Wandrille,Lefevre,,D,"$109,999.92 ","$119,499.92 "
George,Malki,,D,"$68,254.20 ","$68,254.20 "
Chance,Myers,,D,"$175,008.00 ","$175,008.00 "
Jacob,Peterson,,F,"$173,568.00 ","$180,818.00 "
Tony,Tchani,,M,"$320,000.00 ","$353,333.33 "
Mikey,Ambrose,Atlanta United,D,"$68,906.25 ","$68,906.25 "
Miguel,Almiron,Atlanta United,M,"$1,912,500.00 ","$2,297,000.00 "
Ezequiel,Barco,Atlanta United,M,"$1,425,000.00 ","$1,425,000.00 "
George,Bello,Atlanta United,D,"$67,500.00 ","$71,500.00 "
Andrew,Carleton,Atlanta United,F,"$75,000.00 ","$87,400.00 "
Franco,Escobar,Atlanta United,D,"$250,008.00 ","$250,008.00 "
Greg,Garza,Atlanta United,D,"$175,008.00 ","$175,008.00 "
Jon,Gallagher,Atlanta United,F,"$67,500.00 ","$68,750.00 "
Brad,Guzan,Atlanta United,GK,"$640,008.00 ","$700,008.00 "
Julian,Gressel,Atlanta United,M,"$92,500.00 ","$111,250.00 "
Chris,Goslin,Atlanta United,M,"$80,000.00 ","$84,000.00 "
Mitch,Hildebrandt,Atlanta United,GK,"$67,500.00 ","$67,500.00 "
Jose Rafael,Hernandez,Atlanta United,D,"$120,000.00 ","$120,000.00 "
Lagos,Kunga,Atlanta United,M-F,"$54,500.04 ","$58,500.04 "
Kevin,Kratz,Atlanta United,M,"$165,000.00 ","$179,250.00 "
Alec,Kann,Atlanta United,GK,"$94,008.00 ","$94,008.00 "
Jeff,Larentowicz,Atlanta United,M,"$210,000.00 ","$210,000.00 "
Josef,Martinez,Atlanta United,F,"$1,270,008.00 ","$1,387,318.00 "
Chris,McCann,Atlanta United,M,"$560,000.00 ","$588,000.00 "
Patrick,Okonkwo,Atlanta United,F,"$54,504.00 ","$65,504.00 "
Darlington,Nagbe,Atlanta United,F-M,"$605,000.00 ","$620,000.00 "
Michael,Parkhurst,Atlanta United,D,"$340,008.00 ","$340,008.00 "
Leandro,Pirez,Atlanta United,D,"$650,004.00 ","$685,004.00 "
Miles,Robinson,Atlanta United,D,"$135,000.00 ","$205,000.00 "
Eric,Remedi,Atlanta United,M,"$300,000.00 ","$300,000.00 "
Oliver,Shannon,Atlanta United,M,"$54,500.04 ","$54,500.04 "
Hector,Villalba,Atlanta United,F,"$663,000.00 ","$770,750.00 "
Brandon,Vazquez,Atlanta United,F,"$125,004.00 ","$145,004.00 "
Romario,Williams,Atlanta United,F,"$71,500.00 ","$71,500.00 "
Gordon,Wild,Atlanta United,F,"$90,000.00 ","$120,000.00 "
Andrew,Wheeler-Omiunu,Atlanta United,M,"$55,654.20 ","$55,654.20 "
Sal,Zizzo,Atlanta United,D,"$129,999.96 ","$129,999.96 "
Mohammed,Adams,Chicago Fire,M,"$90,000.00 ","$125,000.00 "
Brandt,Bronico,Chicago Fire,M,"$68,254.00 ","$68,254.00 "
Diego,Campos,Chicago Fire,M,"$54,500.04 ","$54,500.04 "
Jonathan,Campbell,Chicago Fire,D,"$120,175.00 ","$128,300.00 "
Drew,Conner,Chicago Fire,M,"$68,907.30 ","$68,907.30 "
Elliot,Collier,Chicago Fire,F,"$54,500.04 ","$54,500.04 "
Stefan,Cleveland,Chicago Fire,GK,"$55,654.20 ","$55,654.20 "
Nicolas,Del Grecco,Chicago Fire,D,"$90,000.00 ","$91,125.00 "
Christian,Dean,Chicago Fire,D,"$90,000.00 ","$93,125.00 "
Michael,de Leeuw,Chicago Fire,F,"$525,000.00 ","$589,212.50 "
Jorge,Corrales,Chicago Fire,D,"$67,500.00 ","$67,500.00 "
Raheem,Edwards,Chicago Fire,F,"$55,654.20 ","$55,654.20 "
Nicolas,Hasler,Chicago Fire,D-M,"$132,000.00 ","$147,666.67 "
Alan,Gordon,Chicago Fire,F,"$150,000.00 ","$155,000.00 "
Daniel,Johnson,Chicago Fire,M,"$68,254.20 ","$68,254.20 "
Aleksandar,Katai,Chicago Fire,M,"$1,200,000.00 ","$1,320,333.33 "
Johan,Kappelhof,Chicago Fire,D,"$555,000.00 ","$595,000.00 "
Grant,Lillard,Chicago Fire,D,"$80,000.04 ","$82,500.04 "
Patrick,McLain,Chicago Fire,GK,"$67,500.00 ","$67,500.00 "
Dax,McCarty,Chicago Fire,M,"$700,000.08 ","$712,500.08 "
Yura,Movsisyan,Chicago Fire,F,"$1,850,000.00 ","$2,073,750.00 "
Djordje,Mihailovic,Chicago Fire,M,"$96,000.04 ","$96,000.04 "
Nemanja,Nikolic,Chicago Fire,F,"$1,700,000.04 ","$1,906,333.37 "
Matt,Polster,Chicago Fire,M,"$109,890.00 ","$124,890.00 "
Bastian,Schweinsteiger,Chicago Fire,M,"$6,100,000.08 ","$6,100,000.08 "
Richard,Sanchez,Chicago Fire,GK,"$130,000.08 ","$132,500.08 "
Luis,Solignac,Chicago Fire,F,"$300,000.00 ","$353,312.50 "
Brandon,Vincent,Chicago Fire,D,"$122,375.00 ","$144,250.00 "
Nana,Adjei-Boateng,Colorado Rapids,M,"$320,004.00 ","$361,250.00 "
Kellyn,Acosta,Colorado Rapids,M,"$280,000.00 ","$300,000.00 "
Cole,Bassett,Colorado Rapids,M,"$60,000.00 ","$69,000.00 "
Giles,Barnes,Colorado Rapids,F-M,"$200,000.04 ","$200,000.04 "
Yannick,Boli,Colorado Rapids,F,"$774,999.96 ","$907,499.96 "
Johan,Blomberg,Colorado Rapids,M,"$239,808.00 ","$239,808.00 "
Caleb,Calvert,Colorado Rapids,F,"$105,000.00 ","$105,000.00 "
Kip,Colvey,Colorado Rapids,D,"$67,500.00 ","$67,500.00 "
Edgar,Castillo,Colorado Rapids,D,"$99,996.00 ","$129,996.00 "
Mike,da Fonte,Colorado Rapids,D,"$67,500.00 ","$67,500.00 "
Andrew,Dykstra,Colorado Rapids,GK,"$100,008.00 ","$107,658.51 "
Shkelzen,Gashi,Colorado Rapids,F,"$1,575,000.00 ","$1,668,750.00 "
Kortne,Ford,Colorado Rapids,D,"$82,500.00 ","$89,500.00 "
Sam,Hamilton,Colorado Rapids,M,"$68,254.20 ","$68,254.20 "
Marlon,Hairston,Colorado Rapids,M,"$144,996.00 ","$144,996.00 "
Tim,Howard,Colorado Rapids,GK,"$2,000,000.00 ","$2,475,000.00 "
Niki,Jackson,Colorado Rapids,F,"$54,500.04 ","$54,500.04 "
Enzo,Martinez,Colorado Rapids,M,"$67,500.00 ","$67,500.00 "
Zac,MacMath,Colorado Rapids,GK,"$170,000.00 ","$170,000.00 "
Jack,McBean,Colorado Rapids,F,"$68,906.25 ","$68,906.25 "
Sam,Nicholson,Colorado Rapids,M,"$265,008.00 ","$311,456.00 "
Ricardo,Perez,Colorado Rapids,M,"$60,000.00 ","$61,250.00 "
Jack,Price,Colorado Rapids,M,"$399,999.96 ","$407,499.96 "
Dillon,Serna,Colorado Rapids,M,"$95,000.04 ","$95,000.04 "
Tommy,Smith,Colorado Rapids,D,"$600,000.00 ","$639,999.96 "
Axel,Sjoberg,Colorado Rapids,D,"$189,996.00 ","$194,996.00 "
Sam,Vines,Colorado Rapids,D,"$60,000.00 ","$61,250.00 "
Deklan,Wynne,Colorado Rapids,D,"$67,500.00 ","$67,500.00 "
Daniel,Wilson,Colorado Rapids,D,"$500,000.04 ","$540,000.00 "
Harrison,Afful,Columbus Crew,D,"$288,099.96 ","$363,799.96 "
Lalas,Abubakar,Columbus Crew,D,"$68,250.04 ","$75,750.04 "
Mohammed,Abu,Columbus Crew,M,"$175,008.00 ","$181,258.00 "
Luis,Argudo,Columbus Crew,M,"$54,500.04 ","$54,500.04 "
Ricardo,Clark,Columbus Crew,M,"$125,000.04 ","$125,000.04 "
Artur,de Lima,Columbus Crew,M,"$210,000.00 ","$244,166.67 "
Alex,Crognale,Columbus Crew,D,"$95,004.00 ","$95,004.00 "
Niko,Hansen,Columbus Crew,F,"$68,250.04 ","$75,750.04 "
Mike,Grella,Columbus Crew,F,"$195,300.00 ","$197,550.00 "
Federico,Higuain,Columbus Crew,M,"$1,100,000.04 ","$1,100,000.04 "
Hector,Jimenez,Columbus Crew,M,"$159,996.00 ","$159,996.00 "
Adam,Jahn,Columbus Crew,F,"$97,500.00 ","$97,500.00 "
Logan,Ketterer,Columbus Crew,GK,"$67,500.00 ","$67,500.00 "
Jonathan,Kempin,Columbus Crew,GK,"$80,256.00 ","$80,256.00 "
Cristian,Martinez,Columbus Crew,M,"$68,915.07 ","$73,415.07 "
Connor,Maloney,Columbus Crew,D,"$55,654.20 ","$55,654.20 "
Ben,Lundgaard,Columbus Crew,GK,"$54,500.04 ","$54,500.04 "
Justin,Meram,Columbus Crew,M,"$550,008.00 ","$578,758.00 "
Jonathan,Mensah,Columbus Crew,D,"$774,996.00 ","$868,996.00 "
Patrick,Mullins,Columbus Crew,F,"$249,996.00 ","$249,996.00 "
Edward,Opoku,Columbus Crew,F,"$75,000.00 ","$96,000.00 "
Gaston,Sauro,Columbus Crew,D,"$67,500.00 ","$67,500.00 "
Pedro,Santos,Columbus Crew,M,"$747,600.00 ","$794,600.00 "
Zack,Steffen,Columbus Crew,GK,"$145,000.00 ","$145,000.00 "
Eduardo,Sosa,Columbus Crew,M,"$99,999.96 ","$120,199.96 "
Wil,Trapp,Columbus Crew,M,"$500,004.00 ","$550,004.00 "
Milton,Valenzuela,Columbus Crew,D,"$282,000.00 ","$313,300.00 "
Gyasi,Zardes,Columbus Crew,F,"$630,000.00 ","$630,000.00 "
Joshua,Williams,Columbus Crew,D,"$200,000.04 ","$200,000.04 "
Luciano,Acosta,DC United,F-M,"$550,000.00 ","$652,000.00 "
Vytautas,Andriuskevicius,DC United,D,"$250,000.00 ","$271,875.00 "
Yamil,Asad,DC United,M,"$436,363.56 ","$520,522.65 "
Paul,Arriola,DC United,M,"$624,999.96 ","$663,999.96 "
Steven,Birnbaum,DC United,D,"$500,004.00 ","$525,004.00 "
Frederic,Brillant,DC United,D,"$264,999.96 ","$299,999.96 "
Russell,Canouse,DC United,M,"$247,500.00 ","$247,500.00 "
Nick,DeLeon,DC United,M,"$275,000.00 ","$275,000.00 "
Chris,Durkin,DC United,D-M,"$80,000.00 ","$89,166.67 "
Kevin,Ellis,DC United,D,"$150,000.00 ","$158,333.33 "
Oniel,Fisher,DC United,D-M,"$68,906.25 ","$68,906.25 "
Ian,Harkes,DC United,M,"$104,500.00 ","$137,737.50 "
Bill,Hamid,DC United,GK,"$67,500.00 ","$93,175.00 "
Jared,Jeffrey,DC United,M,"$114,996.00 ","$124,996.00 "
Taylor,Kemp,DC United,D,"$140,000.00 ","$140,000.00 "
Dane,Kelly,DC United,F,"$67,500.00 ","$69,500.00 "
Darren,Mattocks,DC United,F,"$400,000.00 ","$416,666.67 "
Junior,Moreno,DC United,M,"$120,000.00 ","$139,500.00 "
Joseph,Mora,DC United,D,"$90,000.00 ","$104,250.00 "
Bruno,Miranda,DC United,F,"$67,500.00 ","$71,976.09 "
Chris,Odoi-Atsem,DC United,D,"$54,500.04 ","$59,500.04 "
David,Ousted,DC United,GK,"$350,000.04 ","$369,166.71 "
Kofi,Opare,DC United,D,"$118,125.00 ","$133,125.00 "
Jalen,Robinson,DC United,D,"$75,000.00 ","$75,000.00 "
Wayne,Rooney,DC United,F,"$2,769,230.88 ","$2,776,730.88 "
Ulises,Segura,DC United,M-F,"$136,999.92 ","$136,999.92 "
Zoltan,Stieber,DC United,M,"$999,999.96 ","$999,999.96 "
Travis,Worra,DC United,GK,"$68,906.25 ","$68,906.25 "
Fanendo,Adi,FC Cincinnati,F,"$1,275,000.00 ","$1,933,333.33 "
Fatai,Alashe,FC Cincinnati,M,"$107,992.50 ","$124,242.50 "
Abel,Aguilar,FC Dallas,M,"$272,727.24 ","$328,127.24 "
Pablo,Aranguiz,FC Dallas,M,"$399,999.96 ","$459,999.96 "
Tesho,Akindele,FC Dallas,F-M,"$105,000.00 ","$122,500.00 "
Michael,Barrios,FC Dallas,M,"$400,000.08 ","$400,000.08 "
Dominique,Badji,FC Dallas,F,"$162,500.04 ","$168,750.04 "
Francis,Atuahene,FC Dallas,F,"$124,999.92 ","$168,999.92 "
Jordan,Cano,FC Dallas,D,"$54,500.04 ","$54,500.04 "
Reggie,Cannon,FC Dallas,D,"$67,500.00 ","$67,500.00 "
Cristian,Colman,FC Dallas,F,"$500,000.04 ","$585,000.04 "
Anibal,Chala,FC Dallas,D,"$300,000.00 ","$383,000.00 "
Maynor,Figueroa,FC Dallas,D,"$240,000.00 ","$250,000.00 "
Jesus,Ferreira,FC Dallas,F,"$54,500.00 ","$54,500.00 "
Carlos,Gruezo,FC Dallas,M,"$595,000.08 ","$730,750.08 "
Jesse,Gonzalez,FC Dallas,GK,"$187,500.00 ","$211,500.00 "
Ryan,Hollingshead,FC Dallas,D-M,"$145,000.00 ","$145,000.00 "
Moises,Hernandez,FC Dallas,D,"$67,500.00 ","$67,500.00 "
Matt,Hedges,FC Dallas,D,"$500,004.00 ","$525,004.00 "
Jacori,Hayes,FC Dallas,M,"$68,250.04 ","$75,750.04 "
Roland,Lamah,FC Dallas,M,"$675,000.00 ","$818,500.00 "
Jimmy,Maurer,FC Dallas,GK,"$120,000.00 ","$122,500.00 "
Santiago,Mosquera,FC Dallas,M,"$450,000.00 ","$541,400.00 "
Marcos,Pedroso,FC Dallas,D,"$330,000.00 ","$330,000.00 "
Paxton,Pomykal,FC Dallas,M,"$85,000.00 ","$90,000.00 "
Thomas,Roberts,FC Dallas,M,"$60,000.00 ","$88,750.00 "
Chris,Richards,FC Dallas,D,"$90,000.00 ","$123,750.00 "
Bryan,Reynolds,FC Dallas,F,"$54,500.00 ","$56,500.00 "
Adonijah,Reid,FC Dallas,F,"$75,000.00 ","$99,375.00 "
Kris,Reaves,FC Dallas,D,"$67,500.00 ","$67,500.00 "
Brandon,Servania,FC Dallas,M,"$135,000.00 ","$186,000.00 "
Maximiliano,Urruti,FC Dallas,F,"$700,000.08 ","$781,000.08 "
Victor,Ulloa,FC Dallas,M,"$180,000.00 ","$182,500.00 "
Ema,Twumasi,FC Dallas,F,"$135,000.00 ","$180,900.00 "
Kyle,Zobeck,FC Dallas,GK,"$67,500.00 ","$67,500.00 "
Reto,Ziegler,FC Dallas,D,"$750,000.00 ","$800,000.00 "
Arturo,Alvarez,Houston Dynamo,M,"$150,000.00 ","$157,500.00 "
Eric,Alexander,Houston Dynamo,M,"$260,004.00 ","$260,004.00 "
DaMarcus,Beasley,Houston Dynamo,D,"$275,004.00 ","$275,004.00 "
Eric,Bird,Houston Dynamo,M,"$67,500.00 ","$67,500.00 "
Juan,Cabezas,Houston Dynamo,M,"$255,156.00 ","$279,156.00 "
Darwin,Ceren,Houston Dynamo,M,"$225,000.00 ","$274,375.00 "
AJ,DeLaGarza,Houston Dynamo,D,"$200,000.04 ","$207,500.04 "
Leonardo,Da Silva,Houston Dynamo,D,"$157,504.50 ","$165,171.17 "
Conor,Donovan,Houston Dynamo,D,"$54,500.04 ","$54,500.04 "
Tyler,Deric,Houston Dynamo,GK,"$67,500.00 ","$67,500.00 "
Alberth,Elis,Houston Dynamo,F,"$650,340.00 ","$650,340.00 "
Luis,Gil,Houston Dynamo,M,"$67,500.00 ","$67,500.00 "
Kevin,Garcia,Houston Dynamo,D,"$68,915.07 ","$68,915.07 "
Oscar Boniek,Garcia,Houston Dynamo,M,"$150,000.00 ","$165,000.00 "
Alejandro,Fuenmayor,Houston Dynamo,D,"$85,008.00 ","$112,508.00 "
Mauro,Manotas,Houston Dynamo,F,"$264,328.08 ","$264,328.08 "
Adolfo,Machado,Houston Dynamo,D,"$220,008.00 ","$236,508.00 "
Adam,Lundkvist,Houston Dynamo,D,"$405,000.00 ","$433,750.00 "
Tomas,Martinez,Houston Dynamo,M,"$305,004.00 ","$487,929.00 "
Michael,Nelson,Houston Dynamo,GK,"$54,500.04 ","$54,500.04 "
Ronaldo,Pena,Houston Dynamo,F,"$225,000.00 ","$225,000.00 "
Romell,Quioto,Houston Dynamo,F,"$240,000.00 ","$252,500.00 "
Memo,Rodriguez,Houston Dynamo,M,"$55,654.20 ","$55,654.20 "
Dylan,Remick,Houston Dynamo,D,"$105,000.00 ","$106,666.67 "
Philippe,Senderos,Houston Dynamo,D,"$225,000.00 ","$242,500.00 "
Chris,Seitz,Houston Dynamo,GK,"$155,004.00 ","$155,004.00 "
Mac,Steeves,Houston Dynamo,GK,"$54,500.04 ","$54,500.04 "
Joe,Willis,Houston Dynamo,GK,"$124,999.92 ","$132,749.92 "
Andrew,Wenger,Houston Dynamo,M,"$230,000.00 ","$230,000.00 "
Jared,Watts,Houston Dynamo,D-M,"$92,500.00 ","$92,500.00 "
Efrain,Alvarez,LA Galaxy,M,"$67,500.00 ","$72,233.84 "
Romain,Alessandrini,LA Galaxy,M,"$1,539,996.00 ","$1,869,996.00 "
Hugo,Arellano,LA Galaxy,D,"$75,000.00 ","$82,573.75 "
David,Bingham,LA Galaxy,GK,"$275,000.04 ","$275,000.04 "
Emmanuel,Boateng,LA Galaxy,F,"$130,000.00 ","$130,000.00 "
Servando,Carrasco,LA Galaxy,M,"$67,500.00 ","$67,500.00 "
Ashley,Cole,LA Galaxy,D,"$450,000.00 ","$722,499.98 "
Michael,Ciani,LA Galaxy,D,"$600,000.00 ","$620,000.00 "
Jonathan,dos Santos,LA Galaxy,M,"$2,000,000.04 ","$2,000,000.04 "
Giovani,dos Santos,LA Galaxy,F,"$4,250,000.00 ","$6,000,000.00 "
Rolf,Feltscher,LA Galaxy,D,"$240,000.00 ","$270,000.00 "
Tomas,Hilliard-Arce,LA Galaxy,D,"$90,000.00 ","$113,125.00 "
Bradford,Jamieson,LA Galaxy,F,"$72,765.00 ","$72,765.00 "
Zlatan,Ibrahimovic,LA Galaxy,F,"$1,500,000.00 ","$1,500,000.00 "
Baggio,Husidic,LA Galaxy,M,"$174,999.96 ","$174,999.96 "
Perry,Kitchen,LA Galaxy,D-M,"$450,000.00 ","$474,166.67 "
Ola,Kamara,LA Galaxy,F,"$825,000.00 ","$925,000.00 "
Sebastian,Lletget,LA Galaxy,M,"$240,000.00 ","$252,666.67 "
Ariel,Lassiter,LA Galaxy,F,"$67,500.00 ","$67,500.00 "
Joao,Pedro,LA Galaxy,M,"$219,996.00 ","$240,996.00 "
Chris,Pontius,LA Galaxy,F-M,"$174,999.96 ","$174,999.96 "
Dave,Romney,LA Galaxy,D,"$74,418.75 ","$74,418.75 "
Daniel,Steres,LA Galaxy,D,"$125,004.00 ","$132,066.60 "
Jorgen,Skjelvik,LA Galaxy,D,"$900,000.00 ","$1,000,000.00 "
Brian,Sylvestre,LA Galaxy,GK,"$67,500.00 ","$67,500.00 "
Justin,Vom Steeg,LA Galaxy,GK,"$54,500.04 ","$54,500.04 "
Sheanon,Williams,LA Galaxy,D,"$67,500.00 ","$72,500.00 "
Eduard,Atuesta,LAFC,M,"$450,000.00 ","$468,000.00 "
Latif,Blessing,LAFC,F,"$75,000.00 ","$84,375.00 "
Tristan,Blackmon,LAFC,D,"$67,500.00 ","$70,233.92 "
Steven,Beitashour,LAFC,D,"$275,000.04 ","$298,375.04 "
Shaft,Brewer,LAFC,M,"$54,500.04 ","$56,166.71 "
Nicolas,Czornomaz,LAFC,M,"$67,500.00 ","$71,250.00 "
Adama,Diomande,LAFC,F,"$849,999.96 ","$934,999.96 "
Benny,Feilhaber,LAFC,M,"$625,000.00 ","$625,000.00 "
Jordan,Harvey,LAFC,D,"$150,000.00 ","$150,000.00 "
Andre,Horta,LAFC,M,"$1,100,000.04 ","$1,198,000.04 "
Dejan,Jakovic,LAFC,D,"$150,000.00 ","$150,000.00 "
Aaron,Kovar,LAFC,M,"$69,457.50 ","$69,657.50 "
Mark-Anthony,Kaye,LAFC,M,"$69,999.96 ","$74,999.96 "
Luis,Lopez,LAFC,GK,"$70,000.08 ","$147,500.08 "
Calum,Mallace,LAFC,M,"$80,000.04 ","$80,000.04 "
Charlie,Lyon,LAFC,GK,"$67,500.00 ","$67,500.00 "
Joao,Moutinho,LAFC,D,"$129,999.96 ","$169,999.96 "
Tyler,Miller,LAFC,GK,"$68,915.07 ","$68,915.07 "
Lee,Nguyen,LAFC,M,"$500,000.00 ","$500,000.00 "
James,Murphy,LAFC,M,"$67,500.00 ","$87,500.00 "
Josh,Perez,LAFC,F,"$54,499.92 ","$54,499.92 "
Quillan,Roberts,LAFC,GK,"$67,500.00 ","$67,500.00 "
Christian,Ramirez,LAFC,F,"$575,000.04 ","$641,250.04 "
Steeve,Saint-Duc,LAFC,F,"$54,500.04 ","$54,500.04 "
Diego,Rossi,LAFC,F,"$1,000,000.08 ","$1,052,000.08 "
Danilo,Silva,LAFC,D,"$69,999.96 ","$69,999.96 "
Carlos,Vela,LAFC,F,"$4,500,000.00 ","$6,292,500.00 "
Marco,Urena,LAFC,F,"$279,996.00 ","$294,412.67 "
Walker,Zimmerman,LAFC,D,"$235,000.00 ","$235,000.00 "
Michael,Boxall,Minnesota United,D,"$250,008.00 ","$267,341.33 "
Francisco,Calvo,Minnesota United,D,"$450,000.00 ","$522,600.00 "
Marc,Burch,Minnesota United,D,"$140,004.00 ","$140,004.00 "
Abu,Danladi,Minnesota United,F,"$135,000.00 ","$186,000.00 "
Ibson,da Silva,Minnesota United,M,"$300,000.00 ","$317,083.33 "
Sam,Cronin,Minnesota United,M,"$141,660.00 ","$208,761.33 "
Ethan,Finlay,Minnesota United,M,"$375,000.00 ","$375,000.00 "
Luiz,Fernando,Minnesota United,M,"$275,000.04 ","$314,166.71 "
Alexi,Gomez,Minnesota United,M,"$300,000.00 ","$339,450.00 "
Harrison,Heath,Minnesota United,M,"$69,457.50 ","$69,457.50 "
Miguel,Ibarra,Minnesota United,M,"$300,000.00 ","$332,322.00 "
Romario,Ibarra,Minnesota United,M,"$500,000.04 ","$546,250.04 "
Alex,Kapp,Minnesota United,GK,"$55,654.20 ","$55,654.20 "
Brent,Kallman,Minnesota United,D,"$82,500.00 ","$85,791.67 "
Matt,Lampson,Minnesota United,GK,"$100,000.08 ","$107,500.08 "
Collin,Martin,Minnesota United,M,"$95,004.00 ","$95,004.00 "
Carter,Manley,Minnesota United,D,"$54,500.04 ","$54,500.04 "
Kevin,Molino,Minnesota United,M,"$425,004.00 ","$477,504.00 "
Eric,Miller,Minnesota United,D,"$84,997.97 ","$105,997.97 "
Frantz,Pangop,Minnesota United,M,"$67,500.00 ","$67,500.00 "
"Fernando ""Bob""",Paixao Da Silva,Minnesota United,M,"$152,496.00 ","$152,496.00 "
Bertrand,Owundi Eko'o,Minnesota United,D,"$67,500.00 ","$67,500.00 "
Wyatt,Omsberg,Minnesota United,D,"$54,500.04 ","$54,500.04 "
Darwin,Quintero,Minnesota United,F,"$1,650,000.00 ","$1,650,000.00 "
Angelo,Rodriguez,Minnesota United,F,"$575,000.04 ","$657,187.54 "
Rasmus,Schuller,Minnesota United,M,"$200,004.00 ","$225,004.00 "
Bobby,Shuttleworth,Minnesota United,GK,"$165,000.00 ","$181,875.00 "
Mason,Toye,Minnesota United,F,"$124,999.92 ","$177,999.92 "
Jerome,Thiesson,Minnesota United,D,"$180,000.00 ","$219,166.67 "
Collen,Warner,Minnesota United,M,"$251,004.00 ","$251,004.00 "
Johan,Venegas,Minnesota United,M,"$225,000.00 ","$237,500.00 "
Quincy,Amarikwa,Montreal Impact,F,"$275,500.00 ","$289,166.67 "
Michael,Azira,Montreal Impact,M,"$125,000.00 ","$131,625.00 "
Louis,Beland-Goyette,Montreal Impact,M,"$54,500.00 ","$55,750.00 "
Jason,Beaulieu,Montreal Impact,GK,"$54,500.04 ","$54,500.04 "
Rudy,Camacho,Montreal Impact,D,"$650,000.04 ","$699,152.54 "
Victor,Cabrera,Montreal Impact,D,"$270,000.00 ","$270,000.00 "
Evan,Bush,Montreal Impact,GK,"$157,925.00 ","$157,925.00 "
Mathieu,Choiniere,Montreal Impact,M,"$54,500.04 ","$59,441.04 "
David,Choiniere,Montreal Impact,M,"$67,500.00 ","$67,500.00 "
Maxime,Crepeau,Montreal Impact,GK,"$80,000.00 ","$84,083.33 "
Chris,Duvall,Montreal Impact,D,"$150,000.00 ","$150,000.00 "
Clement,Diop,Montreal Impact,GK,"$90,000.00 ","$97,290.00 "
Zakaria,Diallo,Montreal Impact,D,"$299,250.00 ","$343,250.00 "
Rod,Fanni,Montreal Impact,D,"$1,200,000.00 ","$1,225,000.00 "
Kyle,Fisher,Montreal Impact,D,"$55,654.20 ","$55,654.20 "
Anthony,Jackson-Hamel,Montreal Impact,F,"$140,000.04 ","$155,000.04 "
Ken,Krolicki,Montreal Impact,M,"$54,500.04 ","$54,500.04 "
Matteo,Mancosu,Montreal Impact,F,"$700,000.08 ","$719,541.75 "
Daniel,Lovitz,Montreal Impact,M,"$86,625.00 ","$86,625.00 "
Thomas,Meilleur-Giguere,Montreal Impact,D,"$54,500.00 ","$57,625.00 "
James,Pantemis,Montreal Impact,GK,"$54,500.04 ","$55,000.04 "
Jukka,Raitala,Montreal Impact,D,"$205,004.00 ","$241,670.67 "
Samuel,Piette,Montreal Impact,M,"$120,000.00 ","$129,234.37 "
Ignacio,Piatti,Montreal Impact,M,"$500,000.04 ","$4,713,333.37 "
Michael,Petrasso,Montreal Impact,D-M,"$155,003.64 ","$168,128.64 "
Michael,Salazar,Montreal Impact,F,"$67,500.00 ","$67,500.00 "
Bacary,Sagna,Montreal Impact,D,"$480,000.00 ","$525,000.00 "
Alejandro,Silva,Montreal Impact,M,"$800,040.00 ","$800,040.00 "
Shamit,Shome,Montreal Impact,M,"$100,000.08 ","$128,500.08 "
Saphir,Taider,Montreal Impact,M,"$800,000.04 ","$800,000.04 "
Jeisson,Vargas,Montreal Impact,M,"$200,000.04 ","$200,000.04 "
Juan,Agudelo,New England Revolution,F,"$575,000.00 ","$602,500.00 "
Jalil,Anibaba,New England Revolution,D,"$90,000.00 ","$90,000.00 "
Isaac,Angking,New England Revolution,M,"$67,500.00 ","$72,500.00 "
Scott,Caldwell,New England Revolution,M,"$129,375.00 ","$139,375.00 "
Luis Alberto,Caicedo,New England Revolution,M,"$300,000.00 ","$300,000.00 "
Brandon,Bye,New England Revolution,D,"$54,500.04 ","$57,760.82 "
Teal,Bunbury,New England Revolution,F,"$215,000.04 ","$260,000.04 "
Cody,Cropper,New England Revolution,GK,"$73,828.13 ","$73,828.13 "
Claude,Dielna,New England Revolution,D,"$780,000.00 ","$909,861.00 "
Andrew,Farrell,New England Revolution,D,"$182,600.00 ","$267,600.00 "
Diego,Fagundez,New England Revolution,M,"$170,000.00 ","$190,000.00 "
Guillermo,Hauche,New England Revolution,M-F,"$120,000.00 ","$135,000.00 "
Femi,Hollinger-Janzen,New England Revolution,F,"$67,500.00 ","$67,500.00 "
Zachary,Herivaux,New England Revolution,M,"$68,906.25 ","$83,906.25 "
Brad,Knighton,New England Revolution,GK,"$105,955.56 ","$110,955.56 "
Michael,Mancienne,New England Revolution,D,"$1,284,768.00 ","$1,370,268.00 "
Cristhian,Machado,New England Revolution,D-M,"$132,000.00 ","$150,512.50 "
Antonio,Mlinar Delamea,New England Revolution,D,"$400,008.00 ","$400,008.00 "
Cristian,Penilla,New England Revolution,F,"$500,000.04 ","$550,000.04 "
Kelyn,Rowe,New England Revolution,M,"$193,000.00 ","$258,000.00 "
Mark,Segbers,New England Revolution,D-M,"$54,500.04 ","$57,760.82 "
Nicolas,Samayoa,New England Revolution,D,"$54,500.04 ","$54,500.04 "
Gabriel,Somi,New England Revolution,D,"$390,999.96 ","$424,999.96 "
Chris,Tierney,New England Revolution,D-M,"$157,500.00 ","$165,833.33 "
Matt,Turner,New England Revolution,GK,"$67,500.00 ","$67,500.00 "
Wilfried,Zahibo,New England Revolution,M,"$474,000.00 ","$544,000.00 "
Brian,Wright,New England Revolution,F,"$67,500.00 ","$67,500.00 "
Saad,Abdul-Salaam,New York City FC,D,"$106,480.00 ","$120,230.00 "
Eloi,Amagat,New York City FC,M,"$240,000.00 ","$261,250.00 "
Kwame,Awuah,New York City FC,D-M,"$55,654.20 ","$55,654.20 "
Jo Inge,Berget,New York City FC,F,"$600,000.00 ","$816,666.67 "
Daniel,Bedoya,New York City FC,M,"$54,500.04 ","$54,500.04 "
Alexander,Callens,New York City FC,D,"$500,000.04 ","$564,000.04 "
Jeff,Caldwell,New York City FC,GK,"$54,500.04 ","$54,500.04 "
Maxime,Chanot,New York City FC,D,"$375,000.00 ","$408,000.00 "
Valentin,Castellanos,New York City FC,M,"$150,000.00 ","$181,008.07 "
Cedric,Hountondji,New York City FC,D,"$220,000.08 ","$258,333.41 "
Yangel,Herrera,New York City FC,M,"$200,000.04 ","$200,000.04 "
Sean,Johnson,New York City FC,GK,"$250,008.00 ","$250,008.00 "
Sebastien,Ibeagha,New York City FC,D,"$67,500.00 ","$67,500.00 "
Jonathan,Lewis,New York City FC,F,"$90,000.00 ","$125,500.00 "
Jesus,Medina,New York City FC,M,"$650,000.04 ","$770,833.37 "
Thomas,McNamara,New York City FC,M,"$199,999.92 ","$199,999.92 "
Ronald,Matarrita,New York City FC,D,"$275,000.04 ","$395,000.04 "
Maxi,Moralez,New York City FC,M,"$2,000,000.04 ","$2,000,000.04 "
Ebenezer,Ofori,New York City FC,M,"$324,999.96 ","$381,249.96 "
Alexander,Ring,New York City FC,M,"$550,000.00 ","$591,666.67 "
Andre,Rawls,New York City FC,GK,"$68,915.07 ","$68,915.07 "
Joe,Scally,New York City FC,D,"$54,500.04 ","$76,316.71 "
James,Sands,New York City FC,D-M,"$54,500.04 ","$75,333.37 "
Brad,Stuver,New York City FC,GK,"$84,999.96 ","$84,999.96 "
Anton,Tinnerholm,New York City FC,D,"$350,000.04 ","$434,925.04 "
Ismael,Tajouri,New York City FC,F,"$320,000.04 ","$350,500.04 "
Ben,Sweat,New York City FC,D,"$67,500.00 ","$67,500.00 "
Rodney,Wallace,New York City FC,M,"$300,000.08 ","$300,000.08 "
David,Villa,New York City FC,F,"$5,610,000.00 ","$5,610,000.00 "
Tyler,Adams,New York Red Bulls,M,"$100,000.00 ","$146,041.67 "
Anatole,Abang,New York Red Bulls,F,"$68,927.00 ","$68,927.00 "
Vincent,Bezecourt,New York Red Bulls,M,"$67,500.00 ","$69,921.40 "
Aurelien,Collin,New York Red Bulls,D,"$450,000.00 ","$450,000.00 "
Cristian,Casseres,New York Red Bulls,M,"$69,999.96 ","$108,749.96 "
Sean,Davis,New York Red Bulls,M,"$225,000.00 ","$261,666.67 "
Kyle,Duncan,New York Red Bulls,D,"$54,500.04 ","$54,500.04 "
Derrick,Etienne,New York Red Bulls,M,"$68,500.00 ","$73,500.00 "
Fidel,Escobar,New York Red Bulls,D,"$145,000.08 ","$145,000.08 "
Hassan Ndam,Fouapon,New York Red Bulls,D,"$54,504.00 ","$54,504.00 "
Andreas,Ivan,New York Red Bulls,M,"$240,000.00 ","$344,100.00 "
Aaron,Long,New York Red Bulls,D,"$73,125.00 ","$73,125.00 "
Kemar,Lawrence,New York Red Bulls,D,"$150,000.00 ","$255,600.00 "
Connor,Lade,New York Red Bulls,D,"$114,000.00 ","$120,749.85 "
Ethan,Kutler,New York Red Bulls,D,"$54,500.04 ","$54,500.04 "
Evan,Louro,New York Red Bulls,GK,"$55,654.20 ","$55,654.20 "
Ryan,Meara,New York Red Bulls,GK,"$120,000.00 ","$125,000.00 "
Ben,Mines,New York Red Bulls,M,"$54,504.00 ","$60,518.00 "
Alex,Muyl,New York Red Bulls,F,"$110,000.00 ","$114,000.00 "
Michael,Murillo,New York Red Bulls,D,"$80,004.00 ","$88,754.00 "
Tim,Parker,New York Red Bulls,D,"$97,185.00 ","$115,935.00 "
Kevin,Politz,New York Red Bulls,D,"$54,500.04 ","$57,105.51 "
Luis,Robles,New York Red Bulls,GK,"$460,000.08 ","$460,000.08 "
Carlos,Rivas,New York Red Bulls,M,"$444,996.00 ","$444,996.00 "
Tommy,Redding,New York Red Bulls,D,"$125,000.00 ","$147,500.00 "
Marc,Rzatkowski,New York Red Bulls,M,"$885,000.00 ","$976,166.66 "
Daniel,Royer,New York Red Bulls,M,"$600,000.00 ","$668,750.00 "
Alejandro 'Kaku',Romero,New York Red Bulls,M,"$709,090.80 ","$709,090.80 "
Florian,Valot,New York Red Bulls,M,"$67,500.00 ","$71,136.45 "
Bradley,Wright-Phillips,New York Red Bulls,F,"$1,500,000.00 ","$1,635,000.00 "
Brian,White,New York Red Bulls,F,"$54,500.04 ","$54,500.04 "
RJ,Allen,Orlando City SC,D,"$90,000.00 ","$90,000.00 "
Carlos,Ascues,Orlando City SC,D,"$360,000.00 ","$391,500.00 "
Joe,Bendik,Orlando City SC,GK,"$180,000.00 ","$189,083.40 "
Josue,Colman,Orlando City SC,M,"$150,000.00 ","$150,000.00 "
Pierre,Da Silva,Orlando City SC,M,"$54,504.00 ","$54,504.00 "
Earl,Edwards,Orlando City SC,GK,"$68,250.00 ","$68,250.00 "
Dom,Dwyer,Orlando City SC,F,"$1,200,000.00 ","$1,383,333.33 "
Mohammed,El-Mounir,Orlando City SC,D,"$174,999.96 ","$192,833.29 "
Victor,Giro,Orlando City SC,D-M,"$90,000.00 ","$95,312.50 "
Adam,Grinwis,Orlando City SC,GK,"$67,500.00 ","$67,500.00 "
Cristian,Higuita,Orlando City SC,M,"$444,996.00 ","$581,662.67 "
Will,Johnson,Orlando City SC,M,"$434,004.00 ","$470,004.00 "
Sacha,Kljestan,Orlando City SC,M,"$1,025,000.04 ","$1,100,000.04 "
Cam,Lindley,Orlando City SC,M,"$80,000.04 ","$88,906.29 "
Richie,Laryea,Orlando City SC,M,"$135,000.00 ","$164,000.00 "
Chris,Mueller,Orlando City SC,F,"$84,999.96 ","$98,749.96 "
Shane,O'Neill,Orlando City SC,D,"$64,999.92 ","$79,499.92 "
Dillon,Powers,Orlando City SC,M,"$180,000.00 ","$180,000.00 "
Stefano,Pinho,Orlando City SC,F,"$150,000.00 ","$183,333.33 "
Tony,Rocha,Orlando City SC,M,"$68,901.84 ","$68,901.84 "
Oriol,Rosell,Orlando City SC,M,"$412,500.00 ","$412,500.00 "
Chris,Schuler,Orlando City SC,D,"$75,000.00 ","$81,250.00 "
Lamine,Sane,Orlando City SC,D,"$807,500.04 ","$855,000.04 "
Mason,Stajduhar,Orlando City SC,GK,"$67,500.00 ","$67,500.00 "
Jonathan,Spector,Orlando City SC,D,"$575,004.00 ","$636,941.50 "
Donny,Toia,Orlando City SC,D,"$125,004.00 ","$125,004.00 "
Amro,Tarek,Orlando City SC,D,"$80,000.04 ","$88,333.37 "
Scott,Sutter,Orlando City SC,D,"$225,000.00 ","$225,000.00 "
Jose,Villarreal,Orlando City SC,F,"$84,999.96 ","$84,999.96 "
Yoshimar,Yotun,Orlando City SC,M,"$549,996.00 ","$599,996.00 "
David,Accam,Philadelphia Union,F-M,"$1,250,000.04 ","$1,250,000.04 "
Fabinho,Alves Macedo,Philadelphia Union,D,"$153,000.00 ","$153,000.00 "
Andre,Blake,Philadelphia Union,GK,"$450,000.00 ","$500,000.00 "
Alejandro,Bedoya,Philadelphia Union,M,"$1,200,000.00 ","$1,266,250.00 "
Cory,Burke,Philadelphia Union,F,"$67,500.00 ","$71,223.75 "
Warren,Creavalle,Philadelphia Union,M,"$140,000.00 ","$153,000.00 "
Borek,Dockal,Philadelphia Union,M,"$1,714,285.68 ","$1,714,285.68 "
Ilson,Dias,Philadelphia Union,M,"$300,000.00 ","$327,000.00 "
Marcus,Epps,Philadelphia Union,M,"$55,654.20 ","$55,654.20 "
Jack,Elliott,Philadelphia Union,D,"$59,629.50 ","$59,629.50 "
Raymon,Gaddis,Philadelphia Union,D,"$180,000.00 ","$182,500.00 "
Anthony,Fontana,Philadelphia Union,M,"$65,004.00 ","$73,421.60 "
Fabian,Herbers,Philadelphia Union,F-M,"$100,008.00 ","$100,008.00 "
Derrick,Jones,Philadelphia Union,M,"$70,000.00 ","$75,900.00 "
Richie,Marquez,Philadelphia Union,D,"$145,000.00 ","$151,430.00 "
Haris,Medunjanin,Philadelphia Union,M,"$500,004.00 ","$545,004.00 "
Mark,McKenzie,Philadelphia Union,D,"$54,500.04 ","$64,500.04 "
Jake,McGuire,Philadelphia Union,GK,"$55,654.20 ","$55,654.20 "
John,McCarthy,Philadelphia Union,GK,"$95,000.00 ","$104,250.00 "
Olivier,Mbaizo,Philadelphia Union,D,"$67,500.00 ","$67,500.00 "
Adam,Najem,Philadelphia Union,M,"$71,500.04 ","$71,500.04 "
Kacper,Przybylko,Philadelphia Union,F,"$67,500.00 ","$67,500.00 "
Fafa,Picault,Philadelphia Union,F,"$135,000.00 ","$148,666.67 "
Matthew,Real,Philadelphia Union,D,"$54,500.04 ","$54,500.04 "
Keegan,Rosenberry,Philadelphia Union,D,"$114,950.00 ","$120,762.50 "
CJ,Sapong,Philadelphia Union,F,"$525,000.00 ","$525,000.00 "
Jay,Simpson,Philadelphia Union,F,"$580,008.00 ","$623,341.33 "
Auston,Trusty,Philadelphia Union,D,"$80,000.00 ","$109,100.00 "
Joshua,Yaro,Philadelphia Union,D,"$140,000.00 ","$224,000.00 "
Victor,Arboleda,Portland Timbers,F-M,"$54,499.92 ","$54,499.92 "
Jack,Barmby,Portland Timbers,M,"$68,256.00 ","$68,256.00 "
Jeff,Attinella,Portland Timbers,GK,"$114,999.96 ","$123,999.96 "
Dairon,Asprilla,Portland Timbers,F-M,"$180,000.00 ","$193,750.00 "
Samuel,Armenteros,Portland Timbers,F,"$600,000.00 ","$608,333.33 "
Sebastian,Blanco,Portland Timbers,M,"$1,300,008.00 ","$1,375,008.00 "
Tomas,Conechny,Portland Timbers,M-F,"$150,000.00 ","$166,666.67 "
Steve,Clark,Portland Timbers,GK,"$120,000.00 ","$130,000.00 "
Diego,Chara,Portland Timbers,M,"$550,000.00 ","$572,000.00 "
Julio,Cascante,Portland Timbers,D,"$150,000.00 ","$150,000.00 "
Jeremy,Ebobisse,Portland Timbers,F,"$140,000.00 ","$203,000.00 "
Marco,Farfan,Portland Timbers,D,"$64,500.00 ","$64,500.00 "
Andres,Flores,Portland Timbers,M,"$67,500.00 ","$67,500.00 "
David,Guzman,Portland Timbers,M,"$219,999.96 ","$239,999.96 "
Jake,Gleeson,Portland Timbers,GK,"$120,000.00 ","$125,166.67 "
Modou,Jadama,Portland Timbers,D,"$54,500.04 ","$54,500.04 "
Foster,Langsdorf,Portland Timbers,F,"$54,500.04 ","$54,500.04 "
Larrys,Mabiala,Portland Timbers,D,"$750,000.00 ","$793,333.33 "
Lucas,Melano,Portland Timbers,F,"$840,000.00 ","$840,000.00 "
Kendall,McIntosh,Portland Timbers,GK,"$55,650.00 ","$55,650.00 "
Roy,Miller,Portland Timbers,D,"$150,000.00 ","$150,000.00 "
Lawrence,Olum,Portland Timbers,M,"$185,004.00 ","$200,004.00 "
Cristhian,Paredes,Portland Timbers,M,"$252,000.00 ","$283,500.00 "
Alvas,Powell,Portland Timbers,D,"$225,000.00 ","$241,625.00 "
Andy,Polo,Portland Timbers,F,"$150,000.00 ","$150,000.00 "
Liam,Ridgewell,Portland Timbers,D,"$700,000.00 ","$700,000.00 "
Bill,Tuiloma,Portland Timbers,D-M,"$67,500.00 ","$75,000.00 "
Jorge,Villafana,Portland Timbers,D,"$600,000.00 ","$617,500.00 "
Diego,Valeri,Portland Timbers,M,"$2,320,000.00 ","$2,380,000.00 "
Zarek,Valentin,Portland Timbers,D,"$130,000.00 ","$130,000.00 "
Eryk,Williamson,Portland Timbers,M,"$110,000.04 ","$126,500.04 "
Danilo,Acosta,Real Salt Lake,M,"$100,000.00 ","$100,000.00 "
Jordan,Allen,Real Salt Lake,M,"$225,000.00 ","$225,000.00 "
Shawn,Barry,Real Salt Lake,D,"$131,250.00 ","$131,250.00 "
Corey,Baird,Real Salt Lake,F,"$54,504.00 ","$54,504.00 "
Nick,Besler,Real Salt Lake,M,"$67,500.00 ","$67,500.00 "
Tony,Beltran,Real Salt Lake,D,"$230,000.00 ","$240,950.00 "
Kyle,Beckerman,Real Salt Lake,M,"$505,008.00 ","$530,008.00 "
Justen,Glad,Real Salt Lake,D,"$270,000.00 ","$291,700.00 "
Alex,Horwath,Real Salt Lake,GK,"$67,500.00 ","$73,362.50 "
David,Horst,Real Salt Lake,D,"$125,004.00 ","$131,629.00 "
Aaron,Herrera,Real Salt Lake,D,"$67,500.00 ","$67,500.00 "
Jose E,Hernandez,Real Salt Lake,M,"$67,500.00 ","$70,875.00 "
Adam,Henley,Real Salt Lake,D,"$114,999.96 ","$122,833.29 "
Damir,Kreilach,Real Salt Lake,M,"$900,000.00 ","$1,013,333.33 "
Ricky,Lopez-Espin,Real Salt Lake,F,"$67,500.00 ","$76,250.00 "
Brooks,Lennon,Real Salt Lake,F,"$225,000.00 ","$237,583.33 "
Sunday,Obayan,Real Salt Lake,M,"$275,000.00 ","$288,000.00 "
Luke,Mulholland,Real Salt Lake,M,"$173,250.00 ","$173,250.00 "
Taylor,Peay,Real Salt Lake,D,"$67,500.00 ","$67,500.00 "
Nedum,Onuoha,Real Salt Lake,D,"$150,000.00 ","$219,000.00 "
Andrew,Putna,Real Salt Lake,GK,"$67,500.00 ","$67,500.00 "
Joao,Plata,Real Salt Lake,F,"$525,000.00 ","$683,333.33 "
Demar,Phillips,Real Salt Lake,D,"$120,000.00 ","$126,250.00 "
Nick,Rimando,Real Salt Lake,GK,"$399,999.96 ","$422,499.96 "
Albert,Rusnak,Real Salt Lake,M,"$850,008.00 ","$925,820.50 "
Pablo,Ruiz,Real Salt Lake,M,"$180,000.00 ","$201,000.00 "
Jefferson,Savarino,Real Salt Lake,F,"$375,000.00 ","$398,687.65 "
Sebastian,Saucedo,Real Salt Lake,M,"$100,000.00 ","$110,500.00 "
Connor,Sparrow,Real Salt Lake,GK,"$54,504.00 ","$54,504.00 "
Luis,Silva,Real Salt Lake,F-M,"$225,000.00 ","$233,666.67 "
Marcelo,Silva,Real Salt Lake,D,"$675,000.00 ","$726,625.00 "
Clint,Dempsey,Retired,F,"$1,100,000.04 ","$1,650,000.04 "
Francois,Affolter,San Jose Earthquakes,D,"$200,000.04 ","$232,650.04 "
Jacob,Akanyirige,San Jose Earthquakes,D,"$54,500.04 ","$56,500.04 "
Matt,Bersano,San Jose Earthquakes,GK,"$68,254.20 ","$68,254.20 "
Eric,Calvillo,San Jose Earthquakes,M,"$99,999.96 ","$114,999.96 "
Harold,Cummings,San Jose Earthquakes,D,"$249,996.00 ","$300,662.67 "
Luis,Felipe,San Jose Earthquakes,M,"$67,500.00 ","$68,500.00 "
Magnus,Eriksson,San Jose Earthquakes,F,"$399,999.96 ","$399,999.96 "
Gilbert,Fuentes,San Jose Earthquakes,M,"$69,999.96 ","$81,999.96 "
Anibal,Godoy,San Jose Earthquakes,M,"$425,000.04 ","$473,125.04 "
Danny,Hoesen,San Jose Earthquakes,F,"$465,000.00 ","$518,000.00 "
Florian,Jungwirth,San Jose Earthquakes,D-M,"$500,004.00 ","$566,671.07 "
Jahmir,Hyka,San Jose Earthquakes,M,"$489,996.00 ","$539,996.00 "
Guram,Kashia,San Jose Earthquakes,D,"$549,999.96 ","$549,999.96 "
Nick,Lima,San Jose Earthquakes,D,"$93,996.00 ","$100,200.03 "
Paul,Marie,San Jose Earthquakes,D,"$54,500.04 ","$54,500.04 "
JT,Marcinkowski,San Jose Earthquakes,GK,"$120,000.00 ","$132,000.00 "
Dom,Oduro,San Jose Earthquakes,F,"$330,000.00 ","$330,000.00 "
Jimmy,Ockford,San Jose Earthquakes,D,"$67,500.00 ","$67,500.00 "
Danny,Musovski,San Jose Earthquakes,F,"$54,500.04 ","$54,500.04 "
Kevin,Partida,San Jose Earthquakes,M,"$54,500.04 ","$54,500.04 "
Joel,Qwiberg,San Jose Earthquakes,D,"$129,999.96 ","$167,999.96 "
Yeferson,Quintana,San Jose Earthquakes,D,"$300,000.00 ","$341,250.00 "
"Valeri ""Vako""",Qazaishvili,San Jose Earthquakes,M,"$1,325,004.00 ","$1,454,042.36 "
Shea,Salinas,San Jose Earthquakes,M,"$200,000.00 ","$200,000.00 "
Tommy,Thompson,San Jose Earthquakes,M,"$165,000.00 ","$170,000.00 "
Mohamed,Thiaw,San Jose Earthquakes,F,"$54,500.04 ","$54,500.04 "
Andrew,Tarbell,San Jose Earthquakes,GK,"$88,000.00 ","$102,000.00 "
Jackson,Yueill,San Jose Earthquakes,M,"$135,000.00 ","$196,000.00 "
Chris,Wondolowski,San Jose Earthquakes,F,"$800,000.00 ","$800,000.00 "
Chris,Wehan,San Jose Earthquakes,M,"$54,492.00 ","$57,992.00 "
Osvaldo,Alonso,Seattle Sounders FC,M,"$1,100,000.04 ","$1,141,667.04 "
Tony,Alfaro,Seattle Sounders FC,D,"$67,500.00 ","$67,500.00 "
Calle,Brown,Seattle Sounders FC,GK,"$67,500.00 ","$67,500.00 "
Handwalla,Bwana,Seattle Sounders FC,M,"$54,500.04 ","$54,500.04 "
Will,Bruin,Seattle Sounders FC,F,"$350,000.00 ","$351,666.67 "
Felix,Chenkam,Seattle Sounders FC,F,"$54,500.04 ","$54,500.04 "
Jordy,Delem,Seattle Sounders FC,M,"$67,500.00 ","$67,500.00 "
Stefan,Frei,Seattle Sounders FC,GK,"$250,000.08 ","$262,500.08 "
Waylon,Francis,Seattle Sounders FC,D,"$165,000.00 ","$196,041.67 "
Kim,Kee-Hee,Seattle Sounders FC,D,"$500,004.00 ","$632,004.00 "
Nicolas,Lodeiro,Seattle Sounders FC,M,"$1,800,000.00 ","$2,302,500.00 "
Kelvin,Leerdam,Seattle Sounders FC,D,"$500,000.04 ","$575,000.04 "
Chad,Marshall,Seattle Sounders FC,D,"$300,000.00 ","$341,250.00 "
Jordan,McCrary,Seattle Sounders FC,D,"$67,500.00 ","$67,500.00 "
Jordan,Morris,Seattle Sounders FC,F,"$222,000.00 ","$234,500.00 "
Bryan,Meredith,Seattle Sounders FC,GK,"$67,500.00 ","$67,500.00 "
Lamar,Neagle,Seattle Sounders FC,F-M,"$96,000.00 ","$99,000.00 "
Raul,Ruidiaz,Seattle Sounders FC,F,"$2,000,004.00 ","$2,000,004.00 "
Alex,Roldan,Seattle Sounders FC,M,"$54,500.04 ","$54,500.04 "
Cristian,Roldan,Seattle Sounders FC,M,"$154,000.00 ","$191,000.00 "
Victor,Rodriguez,Seattle Sounders FC,M,"$999,999.96 ","$1,087,499.96 "
Harry,Shipp,Seattle Sounders FC,M,"$174,999.96 ","$174,999.96 "
Brad,Smith,Seattle Sounders FC,D,"$529,092.00 ","$564,364.67 "
Roman,Torres,Seattle Sounders FC,D,"$575,000.04 ","$645,000.04 "
Nouhou,Tolo,Seattle Sounders FC,D,"$54,500.00 ","$54,500.00 "
Gustav,Svensson,Seattle Sounders FC,M,"$350,000.04 ","$367,500.04 "
Henry,Wingo,Seattle Sounders FC,D-M,"$55,650.00 ","$55,650.00 "
Matt,Besler,Sporting Kansas City,D,"$750,000.00 ","$783,250.00 "
Kharlton,Belmar,Sporting Kansas City,F,"$68,254.20 ","$68,254.20 "
Gianluca,Busio,Sporting Kansas City,F,"$80,004.00 ","$82,504.00 "
Yohan,Croizet,Sporting Kansas City,M,"$650,004.00 ","$680,004.00 "
Amer,Didic,Sporting Kansas City,D,"$55,654.20 ","$55,654.20 "
Eric,Dick,Sporting Kansas City,GK,"$54,500.04 ","$57,949.58 "
Gerso,Fernandes,Sporting Kansas City,F-M,"$550,008.00 ","$591,258.00 "
Brad,Evans,Sporting Kansas City,D-M,"$200,000.04 ","$200,000.04 "
Roger,Espinoza,Sporting Kansas City,M,"$900,000.00 ","$900,000.00 "
Tyler,Freeman,Sporting Kansas City,F,"$55,200.00 ","$67,700.00 "
Andreu,Fontas,Sporting Kansas City,D,"$999,999.96 ","$999,999.96 "
Felipe,Gutierrez,Sporting Kansas City,M,"$1,599,999.96 ","$1,649,999.96 "
Cristian,Lobato,Sporting Kansas City,M,"$240,000.00 ","$240,000.00 "
Jaylin,Lindsey,Sporting Kansas City,D,"$54,504.00 ","$67,504.00 "
Wan,Kuzain,Sporting Kansas City,M,"$67,500.00 ","$67,500.00 "
Jimmy,Medranda,Sporting Kansas City,D,"$140,004.00 ","$140,004.00 "
Tim,Melia,Sporting Kansas City,GK,"$300,000.00 ","$316,666.67 "
Krisztian,Nemeth,Sporting Kansas City,F,"$900,000.00 ","$1,007,666.67 "
Ike,Opara,Sporting Kansas City,D,"$324,999.96 ","$342,916.63 "
Johnny,Russell,Sporting Kansas City,M,"$1,331,578.92 ","$1,331,578.92 "
Diego,Rubio Kostner,Sporting Kansas City,F,"$250,000.00 ","$266,875.00 "
Khiry,Shelton,Sporting Kansas City,F,"$102,245.00 ","$119,745.00 "
Ilie,Sanchez,Sporting Kansas City,M,"$325,008.00 ","$330,008.00 "
Daniel,Salloi,Sporting Kansas City,F,"$67,500.00 ","$81,625.00 "
Colton,Storm,Sporting Kansas City,D,"$55,654.20 ","$55,654.20 "
Graham,Smith,Sporting Kansas City,D,"$54,500.04 ","$54,500.04 "
Seth,Sinovic,Sporting Kansas City,D,"$150,000.00 ","$157,666.67 "
Graham,Zusi,Sporting Kansas City,D,"$750,000.00 ","$782,102.27 "
Adrian,Zendejas,Sporting Kansas City,GK,"$55,650.00 ","$55,650.00 "
Jozy,Altidore,Toronto FC,F,"$5,000,000.00 ","$5,000,000.00 "
Ayo,Akinola,Toronto FC,F,"$54,504.00 ","$140,504.00 "
Ager,Aketxe Barrutia,Toronto FC,M,"$1,190,000.04 ","$1,295,000.04 "
Jon,Bakero,Toronto FC,F,"$84,999.96 ","$101,374.96 "
,Auro,Toronto FC,D,"$200,004.00 ","$272,504.00 "
Michael,Bradley,Toronto FC,M,"$6,000,000.00 ","$6,500,000.00 "
Alex,Bono,Toronto FC,GK,"$132,000.00 ","$164,000.00 "
Jay,Chapman,Toronto FC,M,"$99,000.00 ","$117,500.00 "
Aidan,Daniels,Toronto FC,M,"$54,500.04 ","$54,500.04 "
Julian,Dunn,Toronto FC,D,"$54,500.04 ","$54,500.04 "
Marco,Delgado,Toronto FC,M,"$230,000.00 ","$230,000.00 "
Sebastian,Giovinco,Toronto FC,F,"$5,600,000.00 ","$7,115,555.67 "
Liam,Fraser,Toronto FC,M,"$67,500.00 ","$72,500.00 "
Jordan,Hamilton,Toronto FC,F,"$72,930.38 ","$100,430.38 "
Nick,Hagglund,Toronto FC,D,"$125,004.00 ","$134,629.00 "
Jason,Hernandez,Toronto FC,D,"$67,500.00 ","$67,500.00 "
Lucas,Janson,Toronto FC,F,"$396,000.00 ","$449,000.00 "
Clint,Irwin,Toronto FC,GK,"$210,000.00 ","$221,312.70 "
Chris,Mavinga,Toronto FC,D,"$500,000.04 ","$563,333.37 "
Justin,Morrow,Toronto FC,D,"$300,000.00 ","$300,000.00 "
Ashtone,Morgan,Toronto FC,D,"$120,000.00 ","$121,500.00 "
Drew,Moor,Toronto FC,D,"$350,004.00 ","$350,004.00 "
Caleb,Patterson-Sewell,Toronto FC,GK,"$67,500.00 ","$67,500.00 "
Jonathan,Osorio,Toronto FC,M,"$201,350.63 ","$209,825.25 "
Tosaint,Ricketts,Toronto FC,F,"$190,008.00 ","$203,174.67 "
Ryan,Telfer,Toronto FC,M-F,"$54,500.04 ","$54,500.04 "
Victor,Vazquez,Toronto FC,M,"$1,365,000.00 ","$1,500,000.00 "
Gregory,Van Der Wiel,Toronto FC,D,"$800,000.04 ","$835,000.04 "
Eriq,Zavaleta,Toronto FC,D,"$225,000.00 ","$263,558.45 "
Jose,Aja,Vancouver Whitecaps,D,"$240,000.00 ","$240,000.00 "
Michael,Baldisimo,Vancouver Whitecaps,M,"$54,500.04 ","$116,471.59 "
Myer,Bevan,Vancouver Whitecaps,F,"$54,500.04 ","$54,500.04 "
Anthony,Blondell,Vancouver Whitecaps,F,"$249,999.96 ","$295,203.21 "
Simon,Colyn,Vancouver Whitecaps,M,"$54,499.92 ","$60,749.92 "
Marcel,de Jong,Vancouver Whitecaps,D-M,"$150,000.00 ","$164,500.00 "
Alphonso,Davies,Vancouver Whitecaps,M,"$72,500.00 ","$72,500.00 "
Roberto,Dominguez,Vancouver Whitecaps,D,"$54,504.00 ","$61,465.66 "
Marvin,Emnes,Vancouver Whitecaps,F,"$69,996.00 ","$159,829.33 "
Aly,Ghazal,Vancouver Whitecaps,M,"$575,000.04 ","$700,566.71 "
Sean,Franklin,Vancouver Whitecaps,D,"$150,000.00 ","$150,000.00 "
Doneil,Henry,Vancouver Whitecaps,D,"$140,004.00 ","$154,237.71 "
Efrain,Juarez,Vancouver Whitecaps,D-M,"$525,000.00 ","$619,833.33 "
Erik,Hurtado,Vancouver Whitecaps,F/M,"$150,000.00 ","$156,250.00 "
Kei,Kamara,Vancouver Whitecaps,F,"$1,000,000.00 ","$1,000,000.00 "
Brett,Levis,Vancouver Whitecaps,D,"$68,250.00 ","$70,750.00 "
Stefan,Marinovic,Vancouver Whitecaps,GK,"$150,000.00 ","$162,562.50 "
Aaron,Maund,Vancouver Whitecaps,D,"$180,000.00 ","$189,437.50 "
Felipe,Martins,Vancouver Whitecaps,M,"$425,000.04 ","$425,000.04 "
Nicolas,Mezquida,Vancouver Whitecaps,F-M,"$130,000.08 ","$130,000.08 "
Sean,Melvin,Vancouver Whitecaps,GK,"$54,500.04 ","$54,500.04 "
David,Norman,Vancouver Whitecaps,M,"$54,500.04 ","$55,500.04 "
Jakob,Nerwinski,Vancouver Whitecaps,D,"$67,500.00 ","$71,625.00 "
Jordon,Mutch,Vancouver Whitecaps,M,"$156,000.00 ","$284,166.67 "
Spencer,Richey,Vancouver Whitecaps,GK,"$68,254.20 ","$68,254.20 "
Yordy,Reyna,Vancouver Whitecaps,F-M,"$440,000.04 ","$533,700.04 "
Brian,Rowe,Vancouver Whitecaps,GK,"$135,000.00 ","$135,000.00 "
Brek,Shea,Vancouver Whitecaps,D-M,"$700,000.00 ","$745,000.00 "
Russell,Teibert,Vancouver Whitecaps,M,"$140,000.04 ","$160,000.04 "
Cristian,Techera,Vancouver Whitecaps,M,"$387,000.00 ","$412,000.00 "
Kendall,Waston,Vancouver Whitecaps,D,"$574,999.92 ","$604,166.52 "
